"X1","Area","Length","Width","Area","Length","Width","Area","Length","Width"
"BLOCK1G1",27.3511,11.618,3.3307,28.1275,11.695,3.343,16.5527356555556,0.792547111111112,0.140397566666667
"BLOCK1G10",22.0361,10.6593,2.9394,21.4335,10.6025,3.0755,16.5421896555556,0.425163566666666,0.159770266666667
"BLOCK1G100",32.6567,13.0023,3.5638,33.454,13.14,3.719,11.0354175666667,0.484052011111111,0.0778795111111111
"BLOCK1G102",22.9821,10.8186,2.9333,23.207,10.7545,2.9825,15.4090105444444,0.100676711111111,0.192535788888889
"BLOCK1G103",25.3933,11.3584,3.1733,25.532,11.3455,3.2445,16.9866042333333,0.575360044444444,0.127681788888889
"BLOCK1G104",26.2338,12.7533,3.031,25.28,12.7075,3.0845,13.6849781777778,0.3625149,0.086316
"BLOCK1G105",21.5484,10.751,2.9413,21.3275,10.8245,2.9685,9.20120982222222,0.135278,0.0750462333333333
"BLOCK1G107",25.6926,11.8346,3.051,25.8565,11.841,3.09,22.7278196,0.634574266666667,0.163182666666667
"BLOCK1G109",24.2271,11.4169,2.9404,20.954,11.3825,2.6355,27.4155207666667,0.373730766666667,0.264224044444444
"BLOCK1G10N2",20.4017777777778,10.2523333333333,2.834,21.812,10.459,2.826,14.9460981944444,0.564397749999999,0.1448385
"BLOCK1G11",23.5861,11.1849,2.9692,23.8005,11.287,2.9335,20.9506141,0.626753211111111,0.227756844444444
"BLOCK1G110",22.8626,10.6,3.0266,22.6175,10.466,3.03,21.5426073777778,0.744112666666666,0.165606711111111
"BLOCK1G111",21.3423,11.3304,2.7381,20.943,11.2845,2.6785,19.2554253444444,0.581786711111111,0.161603433333333
"BLOCK1G112",22.0003,10.9058,2.8389,22.2375,10.9525,2.897,18.7651657888889,0.8759584,0.137950766666667
"BLOCK1G113",27.315,12.5837,3.1063,27.0215,12.547,3.1805,21.7636728888889,1.12354956666667,0.115585788888889
"BLOCK1G114",24.0676,11.2429,3.0527,22.214,11.2815,2.9855,20.4524027111111,0.899208544444445,0.105517344444445
"BLOCK1G115",23.3397,11.6768,2.9229,23.9645,11.773,2.9235,21.8136993444444,0.494835066666667,0.146319211111111
"BLOCK1G11N2",23.3074,11.3547,2.9451,23.0745,11.276,2.9075,13.1002329333333,0.605270677777778,0.0825207666666667
"BLOCK1G12",25.1946,11.8692,3.0186,25.233,11.832,3.0545,13.9340891555556,0.493917288888889,0.0931004888888889
"BLOCK1G13",24.3163,11.5196,3.0025,24.5595,11.4725,2.9925,21.4548357888889,0.516981155555555,0.140133388888889
"BLOCK1G14",22.6625,11.9978,2.731,22.0055,11.965,2.6805,21.2211889444444,1.10822262222222,0.144669555555556
"BLOCK1G15",22.7657,11.1496,2.8386,21.672,11.2915,2.7485,13.0823237888889,0.373675822222222,0.0893036000000001
"BLOCK1G16",29.0352,11.7662,3.6185,29.6295,11.854,3.673,14.3858590666667,0.451155955555556,0.0536056111111111
"BLOCK1G17",22.7587,10.9203,2.9067,23.036,11.021,2.8865,13.7124129,0.224094677777778,0.137595122222222
"BLOCK1G18",26.0338,11.4874,3.2181,25.373,11.5725,3.1695,14.2857870666667,0.845700266666667,0.0453236555555556
"BLOCK1G19",23.3592,10.6495,3.0962,23.0925,10.489,3.058,14.6411152888889,0.880628055555557,0.0494710666666667
"BLOCK1G2",24.7354,10.9581,3.251,24.7515,10.9675,3.213,11.7544649333333,0.375680988888889,0.122679555555556
"BLOCK1G20",24.4292,11.4778,3.0716,23.858,11.3485,3.067,16.3841417333333,0.402208844444445,0.127042266666667
"BLOCK1G22",26.8353,12.3913,3.1113,27.065,12.491,3.176,16.0954277888889,0.815787344444444,0.0808589
"BLOCK1G23",21.2088181818182,11.474,2.66127272727273,20.453,11.576,2.667,39.5779733636364,0.3701304,0.520978818181818
"BLOCK1G25",24.9627,12.3019,2.9199,23.965,11.939,2.909,19.9054909,0.943701877777777,0.0978847666666667
"BLOCK1G27",24.8655,12.1123,2.916,25.9355,12.2235,3.0165,24.6821120555556,1.15694467777778,0.174468666666667
"BLOCK1G28",26.0935,11.431,3.3103,26.436,11.394,3.317,4.59915916666667,0.236402666666667,0.0216457888888889
"BLOCK1G29",23.683,11.8065,2.9115,24.4755,11.608,2.9725,20.5999395555556,0.492862277777778,0.1512485
"BLOCK1G3",21.9613,10.7274,2.8632,21.455,10.5865,2.782,22.4633949,0.802542933333333,0.239195733333333
"BLOCK1G30",21.6658,10.3344,2.9684,21.4395,10.4765,2.958,14.5288692888889,0.503638044444444,0.124257155555556
"BLOCK1G31",23.0656,11.5978,2.9432,23.241,11.5785,2.917,8.52002337777778,0.781877288888888,0.0574766222222222
"BLOCK1G32",21.0463,11.104,2.7229,20.653,11.103,2.683,7.5428329,0.133560222222222,0.0621061
"BLOCK1G33",26.8316,12.9054,3.0093,27.1085,12.796,3.0255,24.3776516,0.5813476,0.121286233333333
"BLOCK1G34",25.4592,12.0031,3.038,25.5685,12.1975,3.0845,19.9353715111111,0.6408781,0.178183777777778
"BLOCK1G36",23.3683,11.9058,2.9006,23.817,11.8155,2.8685,17.2721731222222,0.507117955555555,0.145976044444444
"BLOCK1G37",25.0173,11.7749,3.1333,25.34,11.701,3.1355,12.8797024555556,0.298721433333333,0.132540233333333
"BLOCK1G38",23.9529,11.8312,2.9773,22.8335,11.9935,2.9015,8.01508587777778,0.379179955555556,0.0700691222222222
"BLOCK1G39",22.9392,11.4476,2.8699,22.8545,11.4945,2.8565,24.3945464,1.0178096,0.138842322222222
"BLOCK1G4",26.4214,11.5408,3.2063,27.3065,11.494,3.3455,15.5077296,0.474117955555555,0.148681788888889
"BLOCK1G41",26.0722,11.7021,3.0908,25.225,11.601,3.052,21.7401490666667,0.477956544444445,0.172984844444444
"BLOCK1G42",22.2659,11.0748,2.8258,22.8855,11.16,2.892,13.8384494333333,0.302425955555555,0.109769066666667
"BLOCK1G43",24.6462,11.1306,3.1035,23.899,11.188,3.0175,14.3664804,0.721640488888889,0.0653858333333333
"BLOCK1G43N2",22.4844,10.646,2.9516,23.469,10.501,3.03,8.55184737777778,0.620836666666667,0.0708064888888889
"BLOCK1G44",20.4704,10.9274,2.69,20.7645,10.8895,2.7315,13.6456776,0.458807155555556,0.118680666666667
"BLOCK1G45",22.6701111111111,10.2085555555556,3.13977777777778,22.867,10.45,2.991,23.7507418611111,0.622875027777778,0.200590694444444
"BLOCK1G46",25.4005,12.2812,3.0123,25.584,12.128,3.022,11.8179253888889,0.416768177777778,0.0772380111111111
"BLOCK1G48",24.7908,11.0212,3.2203,24.7885,10.936,3.123,16.8047564,0.466483955555555,0.181504011111111
"BLOCK1G49",25.3582,12.1932,2.9535,26.115,12.241,3.0045,14.8297752888889,0.371098622222222,0.0829120555555556
"BLOCK1G50",26.762,11.7985,3.2316,26.5905,11.848,3.174,22.7324,0.291099388888889,0.188061377777778
"BLOCK1G51",25.2569,11.3362,3.1684,25.347,11.101,3.224,25.1448843222222,0.503675955555555,0.227590933333333
"BLOCK1G51N2",22.7544,10.5772,3.0881,22.6635,10.715,3.0305,4.99212626666667,0.274187511111111,0.0371909888888889
"BLOCK1G52",22.6966,10.6581,2.9807,23.2615,10.74,3.018,14.5169458222222,0.5700821,0.0853580111111111
"BLOCK1G52N2",21.136,10.5209,2.8341,19.719,10.5225,2.719,18.7769706666667,0.543192544444444,0.140743433333333
"BLOCK1G53",22.6328,11.4756,2.735,22.4075,11.459,2.7295,6.68197173333333,0.342107822222222,0.033518
"BLOCK1G53N2",23.571,11.6228,2.7616,22.987,11.622,2.7645,9.214,0.478887288888889,0.0746282666666666
"BLOCK1G54",24.1114,11.5245,3.0058,24.539,11.4435,3.072,7.68686204444445,0.272653611111111,0.0647792888888889
"BLOCK1G56",25.9344444444444,10.8538888888889,3.38477777777778,28.248,11.09,3.683,36.0900735277778,1.13441636111111,0.308456194444444
"BLOCK1G57",24.2746666666667,11.2274444444444,3.13533333333333,24.497,11.159,3.162,15.16666925,0.285251777777778,0.1290685
"BLOCK1G58",26.4856,12.2416,3.019,27.891,12.3685,3.167,12.2758784888889,0.264483377777778,0.0859648888888889
"BLOCK1G6",22.4685,11.0167,2.8685,23.0925,11.0975,3.0135,6.59485516666667,0.389684677777778,0.108698055555556
"BLOCK1G60",23.7122,11.377,2.962,24.266,11.4415,3.0035,9.96355284444444,0.303280888888889,0.0902562222222222
"BLOCK1G61",22.9559,10.7667,3.0282,22.2405,11.014,2.9865,12.0080783222222,0.323945344444444,0.104293733333333
"BLOCK1G62",24.5172,11.2074,3.0208,24.726,11.2085,3.101,8.15898706666666,0.351805822222222,0.0812117333333333
"BLOCK1G63",25.0483,11.7208,3.0237,25.229,11.6665,3.038,16.7778415666667,0.298464177777778,0.131686455555556
"BLOCK1G64",23.891,12.2022727272727,2.79154545454545,22.591,12.164,2.673,65.3295552,0.822987818181818,0.729399072727273
"BLOCK1G65",22.1961818181818,11.6478181818182,2.75409090909091,21.882,11.35,2.817,47.9439815636364,0.542701163636364,0.615566090909091
"BLOCK1G66",28.055,12.93,3.1306,28.0005,13.087,3.1625,12.7789115555556,0.486035777777778,0.0676144888888889
"BLOCK1G67",26.5124,12.3147,3.0482,27.8145,12.4905,3.1865,20.8128253777778,0.619809344444445,0.107201288888889
"BLOCK1G68",23.2601,11.3211,2.9312,23.752,11.1755,3.032,15.0376067666667,0.207431655555555,0.111818177777778
"BLOCK1G69",24.3593,11.7664,2.9506,24.108,11.76,2.944,14.8643053444444,0.3994276,0.118017377777778
"BLOCK1G7",24.0794,11.2297,3.0603,24.374,11.383,3.1225,15.5883207111111,0.238608677777778,0.172720455555556
"BLOCK1G70",24.2112727272727,11.7734545454545,2.95063636363636,24.612,11.587,2.954,46.5799744181818,0.777683472727273,0.293892854545454
"BLOCK1G71",23.8593,11.3245,2.9134,23.9175,11.465,2.9785,20.2900100111111,0.588728277777778,0.143514044444444
"BLOCK1G72",24.2139,11.5276,2.9537,24.731,11.425,3.003,11.2903876555556,0.404570488888889,0.0787820111111111
"BLOCK1G75",21.4593,10.6284,2.8179,21.464,10.448,2.853,10.3553353444444,0.449020266666667,0.0842387666666666
"BLOCK1G75N2",24.3812,11.4868,2.961,24.46,11.189,3.0395,12.1893164,0.5722304,0.0993666666666667
"BLOCK1G77",23.7878,11.0497,3.01,23.924,11.0855,3.089,8.27137128888888,0.201945788888889,0.094388
"BLOCK1G78",22.5489090909091,11.3405454545455,2.77527272727273,23.811,11.232,3.001,60.2105828909091,1.03700727272727,0.506611818181818
"BLOCK1G79",26.5959,12.3078,3.1394,26.0235,12.2535,3.1265,40.9681469888889,1.5307744,0.2557076
"BLOCK1G8",24.853,11.2994,3.0869,24.67,11.2725,3.0955,18.1503508888889,0.441173155555556,0.194443211111111
"BLOCK1G81",27.1547,12.713,3.1673,27.1155,12.39,3.1605,25.9657826777778,0.481823333333334,0.178622233333333
"BLOCK1G85",22.7918,11.1108,2.8964,23.5495,11.0915,2.974,12.5456126222222,0.335690622222222,0.124631822222222
"BLOCK1G86",21.7786,10.7229,2.8218,22.0315,10.7905,2.8285,18.9618367111111,0.541987877777778,0.177835733333333
"BLOCK1G87",25.7175,11.976,3.0702,25.4425,12.167,3.0215,21.0621969444444,1.05672333333333,0.169048844444444
"BLOCK1G88",23.8343,11.3339,2.9995,24.356,11.418,3.0895,19.9680144555556,0.841795211111111,0.157873833333333
"BLOCK1G88N2",22.7246,10.9164,3.0339,21.921,10.574,3.029,14.4695464888889,0.617638488888889,0.145604988888889
"BLOCK1G89",25.3737,11.7652,3.1934,25.702,11.494,3.239,15.2872095666667,0.570304622222222,0.132527822222222
"BLOCK1G9",22.0813,10.9359,2.8546,22.136,10.876,2.9385,19.9771642333333,0.629867211111111,0.193351377777778
"BLOCK1G90",19.2896,10.4878,2.5638,19.612,10.5125,2.6035,4.95024737777778,0.235936844444445,0.0630399555555556
"BLOCK1G90N2",21.0961,10.6391,2.823,21.6275,10.723,2.924,14.5447283222222,0.396243211111111,0.150452666666667
"BLOCK1G91",23.8491,11.666,2.8691,23.6485,11.8205,2.913,24.0819014333333,1.09309955555556,0.141937655555556
"BLOCK1G92",23.0401,10.8437,2.9527,23.4625,10.754,3.0525,21.6769081,0.549501788888889,0.229663788888889
"BLOCK1G95",28.1307,11.706,3.4107,28.757,11.744,3.476,24.6044597888889,0.504190666666667,0.175266233333333
"BLOCK1G97",25.7469,12.1098,3.1201,25.985,12.2165,3.132,18.3149196555556,0.545849511111111,0.129754544444444
"BLOCK1G98",21.9143,10.7057,2.9054,21.3995,10.7995,2.9185,11.2309686777778,0.3508229,0.0631453777777778
"BLOCK1G99",23.868,11.8495,2.8746,24.8115,11.9315,2.9305,17.4632466666667,0.766289166666667,0.0842002666666667
"BLOCK1ZAVITAN",22.2225,10.7603,2.9553,22.4995,10.8685,2.9845,18.8448089444444,0.820751122222222,0.149431566666667
"BLOCK239",19.8502,10.9266,2.6141,19.319,10.764,2.5825,9.71034106666667,0.521277822222222,0.0639392111111111
"BLOCK2G1",23.6881,11.652,2.8582,23.6375,11.518,2.839,35.1967958777778,1.33017466666667,0.260410844444444
"BLOCK2G100",26.0329,12.479,2.9574,25.509,12.39,2.9525,23.9179512111111,0.635699111111111,0.1908296
"BLOCK2G102",20.6911,10.4222,2.7046,21.344,10.551,2.7715,20.2060852111111,0.330857288888889,0.1994256
"BLOCK2G103",23.3113,11.2844,2.9388,23.41,11.177,2.9785,21.4559444555556,0.625031377777778,0.148520177777778
"BLOCK2G103N2",19.5351,10.1226,2.7811,18.7085,10.0785,2.8645,11.9122832111111,0.453076933333333,0.124848322222222
"BLOCK2G104",24.8168,12.2493,2.9362,24.827,12.1055,2.964,16.4307488444444,0.330222455555556,0.132615066666667
"BLOCK2G105",21.7806,10.7801,2.8917,21.88,10.7895,2.998,15.1034704888889,0.340324544444444,0.118527788888889
"BLOCK2G106",23.6899,11.2637,2.9897,23.778,11.1745,3.087,12.7216403222222,0.285780233333334,0.155250677777778
"BLOCK2G107",25.2956,11.6959,3.092,23.4075,11.5405,3.0835,23.7261313777778,0.967319655555556,0.165078888888889
"BLOCK2G109",23.5139,11.2854,2.9897,24.2355,11.367,3.142,21.5048067666667,0.428431155555555,0.192566677777778
"BLOCK2G11",24.1887,11.7597,2.8634,23.74,11.8305,2.86,29.5380340111111,0.632202455555556,0.235374711111111
"BLOCK2G110",22.2208,10.4091,3.0232,21.7815,10.337,3.0695,17.1187950666667,0.649158322222222,0.132495733333333
"BLOCK2G111",24.2668,11.4687,3.0323,23.08,11.2125,2.988,16.9744741777778,0.374923344444445,0.132648677777778
"BLOCK2G112",20.9335,10.7464,2.716,21.2655,10.7965,2.775,11.7453373888889,0.509948044444444,0.100269555555556
"BLOCK2G113",26.0057,12.4589,2.9786,25.587,12.3765,3.0185,20.8855689,0.831389655555556,0.118364044444444
"BLOCK2G114",23.9011,11.2776,2.9939,24.082,11.3125,3.033,10.1224438777778,0.559576933333334,0.0598429888888889
"BLOCK2G115",23.1121,11.9692,2.8677,23.0195,12.114,2.787,16.3964361,0.337900177777778,0.162034233333333
"BLOCK2G12",24.7824,11.5415,3.014,25.2425,11.497,3.08,26.8900973777778,0.550941166666667,0.200628444444444
"BLOCK2G13",24.0441818181818,11.9245454545455,2.85881818181818,23.257,11.892,2.875,62.0330303636364,0.823527272727274,0.593599163636364
"BLOCK2G14",25.3155,12.3793,2.9393,25.256,12.385,2.891,17.4304440555556,0.359237566666667,0.124858011111111
"BLOCK2G15",20.8217,10.8171,2.6541,21.229,10.7385,2.7605,11.2067831222222,0.236380322222222,0.103571211111111
"BLOCK2G16",22.9865,10.9094,3.0442,24.92,10.809,3.4625,75.8053391666667,1.14089115555556,0.766431733333333
"BLOCK2G17",21.6319,10.8902,2.7839,21.8975,11.0025,2.853,14.0454858777778,0.359495955555556,0.132530988888889
"BLOCK2G18",25.424,11.2479,3.1798,25.822,11.1925,3.266,12.405206,0.255657211111111,0.0994168444444445
"BLOCK2G19",23.6299,10.8038,3.0327,23.753,10.7505,3.019,28.1677587666667,0.686144400000001,0.169548233333333
"BLOCK2G2",23.511,10.4619,3.1548,23.918,10.565,3.237,18.0735891111111,0.340054544444445,0.176231733333333
"BLOCK2G20",22.6112,10.9128,2.9711,22.5385,10.7405,2.9695,16.9926284,0.867117511111111,0.109201655555556
"BLOCK2G210",23.1384444444444,10.3497777777778,3.18544444444444,23.038,10.248,3.252,12.3972040277778,0.729486194444445,0.0758120277777778
"BLOCK2G22",26.5461,12.4612,3.095,27.499,12.667,3.218,30.6615389888889,1.42250617777778,0.167689111111111
"BLOCK2G23",23.6005,11.3704,2.9278,23.224,11.409,2.855,17.3168531666667,0.357663155555556,0.142876844444444
"BLOCK2G25",25.2612,12.1314,2.9509,24.5865,12.3005,2.969,18.8286339555556,1.65683115555556,0.110002988888889
"BLOCK2G27",25.3291,12.3961,2.8902,25.145,12.6115,2.846,26.9582801,0.463981655555556,0.1905144
"BLOCK2G28",22.4179090909091,10.757,3.02163636363636,23.788,10.693,3.226,30.7556678909091,0.1113164,0.542577454545454
"BLOCK2G29",21.1678181818182,11.2532727272727,2.65436363636364,23.228,11.379,3,53.7490983636364,0.774835418181818,0.578133454545455
"BLOCK2G3",22.1311,10.6729,2.9325,21.967,10.661,2.961,19.9667256555556,0.497259877777778,0.198916722222222
"BLOCK2G30",21.0009090909091,10.6273636363636,2.81136363636364,20.975,10.528,2.928,42.0801950909091,0.824151454545454,0.505817454545455
"BLOCK2G31",23.9420909090909,12.4004545454545,2.81518181818182,23.43,12.284,2.901,44.8309538909091,0.495707472727273,0.448843163636364
"BLOCK2G32",21.8139,11.3205,2.743,21.6175,11.387,2.811,13.4862945444444,0.525277388888889,0.099502
"BLOCK2G33",25.37,12.3698,2.9376,25.4315,12.16,2.998,24.4676984444444,0.756718622222222,0.191756044444445
"BLOCK2G34",25.6284,12.1308,3.0128,25.4485,11.789,3.056,18.8915789333333,0.567636844444445,0.1842164
"BLOCK2G36",25.1262,12.281,2.9714,24.8025,12.253,2.9755,16.9179759555556,0.364899555555555,0.115334711111111
"BLOCK2G37",23.9958,11.5833,3.06,22.4285,11.56,2.997,14.6912810666667,0.245717344444445,0.121708
"BLOCK2G38",23.4562,11.7593,2.876,22.937,11.6095,2.852,13.7075772888889,0.606242677777778,0.115913555555556
"BLOCK2G4",24.7303,11.24,3.0339,25.053,11.397,3.1105,13.1782253444444,0.389318222222222,0.0950901
"BLOCK2G41",27.6883,11.7534,3.2787,26.3485,11.7895,3.212,12.9961529,0.183521822222222,0.0954286777777778
"BLOCK2G42",21.275,10.7804,2.777,21.5005,10.9325,2.808,11.9891795555556,0.1479056,0.0963942222222222
"BLOCK2G43",25.171,11.1067,3.2344,24.8915,11.111,3.1835,13.0866451111111,0.600590011111111,0.0824676000000001
"BLOCK2G44",21.2715,10.951,2.8089,19.6405,10.9915,2.6565,17.8722378333333,0.509014666666666,0.165012322222222
"BLOCK2G45",21.7853,10.2175,2.9749,19.6495,10.3075,2.827,21.4527964555555,0.9181965,0.122791211111111
"BLOCK2G46",25.0305,12.1139,2.9527,25.2735,12.2005,2.963,16.4265442777778,0.730338766666667,0.119693566666667
"BLOCK2G48",22.4004,10.8687,2.9208,21.032,10.87,2.8035,20.5782102666667,0.465159122222222,0.136777955555556
"BLOCK2G49",24.368,11.9876,2.8827,24.362,12.034,2.9255,15.0698946666667,0.549474488888889,0.0877093444444444
"BLOCK2G50",26.2919,11.8864,3.1653,27.189,11.693,3.2845,19.5834274333333,0.527289155555555,0.172098455555556
"BLOCK2G51",22.2719,10.538,3.0234,22.2465,10.614,3.0765,9.09834454444444,0.401934222222222,0.0676918222222222
"BLOCK2G53",23.0647,11.4857,2.7883,23.518,11.449,2.864,14.3340013444444,0.576421788888889,0.0868060111111111
"BLOCK2G54",23.6042,11.2354,2.9968,23.905,11.3865,3.018,12.8422990666667,0.441523155555556,0.0808812888888888
"BLOCK2G56",22.9533,11.0072,3.0367,23.3045,11.3015,3.14,21.1051886777778,0.586758844444444,0.187962233333333
"BLOCK2G57",25.4001,11.3901,3.2563,25.7895,11.506,3.275,13.7358583222222,0.397439877777778,0.0899440111111111
"BLOCK2G58",25.2056,12.0081,2.9566,25.174,11.9665,2.998,13.7725078222222,0.391491877777778,0.106354488888889
"BLOCK2G6",21.3242727272727,11.1747272727273,2.687,22.167,11.17,2.831,23.2284890181818,0.163491818181818,0.2935094
"BLOCK2G60",23.4479,11.4178,2.9182,24.296,11.3655,3.042,14.5584056555556,0.271058844444444,0.167247288888889
"BLOCK2G61",22.0096,10.8752,2.8547,22.661,10.983,2.9205,14.0563564888889,0.272142844444445,0.143144455555556
"BLOCK2G62",23.1002,10.7509,3.0216,22.7885,10.8345,3.006,10.7151244,0.303650766666667,0.0908400444444444
"BLOCK2G63",22.758,11.194,2.8248,21.612,11.0395,2.726,20.4929513333333,0.364307333333333,0.217577733333333
"BLOCK2G64",24.4661,11.9785,2.9294,24.9575,11.9375,3.0345,16.8848076555555,0.6469945,0.125738044444444
"BLOCK2G65",22.8007,11.5014,2.7523,23.5375,11.419,2.8235,12.5297366777778,0.371022266666667,0.0880797888888889
"BLOCK2G66",26.6494,12.7767,3.0318,25.7305,12.6535,3.029,25.3344440444444,0.771886233333333,0.122274844444445
"BLOCK2G67",24.181,11.5907,2.9141,24.0975,11.8545,2.945,18.8803571111111,1.04733534444445,0.0870316555555555
"BLOCK2G68",23.0948,11.2463,2.9277,23.7645,11.3755,3.0115,17.2417575111111,0.432524455555556,0.118462011111111
"BLOCK2G69",23.3447,11.521,2.8613,24.179,11.572,2.9425,23.4093869,0.828501111111111,0.193342011111111
"BLOCK2G7",22.5927,10.8358,2.9429,22.3015,10.6895,2.917,11.6558977888889,0.413067955555555,0.0808183222222222
"BLOCK2G70",25.2474,11.7268,3.0546,25.3525,11.546,3.1425,17.2878684888889,0.506627733333334,0.130989822222222
"BLOCK2G71",22.873,11.0065,2.8739,22.262,10.9725,2.835,13.8682533333333,0.355043833333333,0.149276766666667
"BLOCK2G72",21.6553,10.7582,2.7605,21.7255,10.6965,2.765,11.7234937888889,0.387348622222223,0.0979791666666667
"BLOCK2G75",23.7879,11.3656,2.9104,23.4165,11.1765,2.9275,20.1836421,0.358176266666666,0.183405377777778
"BLOCK2G77",24.0677,10.9449,3.088,24.1955,10.7925,3.1445,9.50484267777778,0.701351655555556,0.0693953333333334
"BLOCK2G78",23.9207,11.8589,2.8333,23.713,11.7885,2.8575,8.74329045555556,0.118732322222222,0.0580033444444445
"BLOCK2G79",24.0618,11.703,2.9778,24.2255,11.8945,3.0065,20.9166119555555,0.992206666666667,0.106619288888889
"BLOCK2G8",24.7664,11.2598,3.045,24.939,11.303,3.122,23.1302969333333,0.892950177777778,0.116817555555556
"BLOCK2G81",26.922,12.9561,3.0435,26.995,13.078,3.074,28.5240533333333,0.526024100000001,0.170953388888889
"BLOCK2G82",22.4879,10.8059,2.9028,23.031,10.7835,3.0355,13.5998034333333,0.188145877777778,0.178401511111111
"BLOCK2G85",25.0881,11.9167,3.0365,25.5925,11.9145,3.05,12.1181027666667,0.258214677777778,0.0783918333333333
"BLOCK2G86",18.1837,9.9252,2.5235,18.2645,9.882,2.551,8.05006401111111,0.393861288888889,0.0572876111111111
"BLOCK2G87",26.5681,12.4249,3.0577,26.408,12.2915,3.013,30.8943829888889,0.5200901,0.256042455555556
"BLOCK2G88",21.6382,10.7666,2.9011,20.7775,10.5165,2.8725,14.9018015111111,0.532588488888889,0.133372544444444
"BLOCK2G89",22.8095,11.4097,2.8952,23.4465,11.45,3.0135,11.0840980555556,0.180942011111111,0.0950584
"BLOCK2G9",22.2651,11.1562,2.8894,23.1585,11.045,3.004,21.7814756555556,0.953951066666667,0.182061155555556
"BLOCK2G90",21.7479,10.8188,2.8268,23.019,10.938,2.984,17.4633209888889,0.385732177777778,0.163119733333333
"BLOCK2G91",26.7921,11.5199,3.2773,26.241,11.391,3.203,15.9207605444444,0.345977655555556,0.125169122222222
"BLOCK2G92",21.5299,10.4961,2.8642,22.1,10.426,2.925,12.1354278777778,0.303031655555556,0.135784622222222
"BLOCK2G95",24.4176,11.9501,2.9418,24.817,11.869,3.003,20.3149044888889,0.517814766666666,0.1418864
"BLOCK2G97",27.068,12.6492,3.0303,26.069,12.6235,2.9405,22.5906737777778,0.531639511111111,0.144549566666667
"BLOCK2G98",23.0719,10.5453,3.0464,23.21,10.611,3.07,12.0677856555556,0.192660677777778,0.106182933333333
"BLOCK2G99",22.267,11.4721,2.7636,22.8935,11.6655,2.798,13.7235462222222,0.505035655555555,0.0905011555555556
"BLOCK2ZAVITAN",21.8137,10.5158,2.8927,22.277,10.6055,2.9445,21.5157324555556,0.839066177777778,0.167190011111111
"BLOCK3G1",24.4879,12.1383,2.8406,25.621,12.174,2.948,26.4953023222222,0.379128233333333,0.198197377777778
"BLOCK3G10",21.3671,10.3687,2.9629,21.783,10.2865,3,14.1033552111111,0.466050011111111,0.107579877777778
"BLOCK3G100",26.3829,12.5335,2.9491,26.732,12.445,3.0535,16.0857381,0.222713166666667,0.141287433333333
"BLOCK3G102",23.7699,10.7752,3.0361,24.4415,10.6705,3.1485,11.0752038777778,0.242529511111111,0.131656544444444
"BLOCK3G103",22.2673636363636,10.9057272727273,2.87036363636364,21.971,10.677,2.999,65.6419964545455,1.36992841818182,0.733211654545455
"BLOCK3G103N2",22.3142,10.7621,2.9675,22.035,10.4175,2.988,20.0389221777778,0.661646988888889,0.212280277777778
"BLOCK3G104",23.5577,12.1731,2.8256,23.476,12.105,2.8475,15.8254042333333,0.211957877777778,0.168419822222222
"BLOCK3G105",21.4569,10.6529,2.8798,21.366,10.678,2.8775,10.8228681,0.196990322222222,0.0820392888888889
"BLOCK3G106",23.6723,11.2271,2.9594,23.7205,11.237,2.9895,11.0695511222222,0.346726544444445,0.110483377777778
"BLOCK3G107",23.7238,11.2406,2.9401,23.2275,11.3735,2.902,17.6350877333333,0.364375155555556,0.134991433333333
"BLOCK3G109",23.7971,11.081,3.002,24.8865,11.0325,3.0815,14.9405543222222,0.179346666666667,0.155806888888889
"BLOCK3G11",22.6589,11.3197,2.8436,23.0885,11.088,2.917,16.0312523222222,0.424014677777778,0.120861377777778
"BLOCK3G110",21.69,10.4437,2.9452,22.1895,10.389,3.038,14.5215613333333,0.502452233333333,0.1253864
"BLOCK3G111",23.5709,11.4689,2.8687,23.0645,11.4595,2.79,22.2832085444444,0.630947655555555,0.163462677777778
"BLOCK3G112",21.3423,10.8299,2.7695,21.536,10.841,2.821,16.7513135666667,0.399585211111111,0.145476055555556
"BLOCK3G113",23.6023,11.9922,2.8361,23.8495,11.9285,2.837,12.9746460111111,0.279487955555556,0.0998125444444445
"BLOCK3G114",22.9805,10.9279,2.9571,23.457,11.0275,3.038,8.15909072222222,0.571773655555556,0.0638665444444444
"BLOCK3G115",21.0055,11.1791,2.7772,20.9965,11.226,2.727,9.76300138888889,0.282501877777778,0.0848061777777778
"BLOCK3G12",25.3116,11.5162,3.0604,25.876,11.316,3.1185,15.3542956,0.366895733333334,0.108378488888889
"BLOCK3G13",24.543,11.8441,2.9825,22.431,11.898,2.9245,24.8069057777778,0.462169433333333,0.205376055555556
"BLOCK3G14",23.8645,12.0669,2.8217,23.402,12.1145,2.7815,13.0499127222222,0.347577433333333,0.119949566666667
"BLOCK3G15",20.5255,10.7018,2.6891,20.7705,10.7235,2.7515,7.95403094444444,0.172642622222222,0.114405877777778
"BLOCK3G16",29.5757,11.652,3.6279,29.2175,11.628,3.7105,19.5273306777778,0.865374222222222,0.107126544444444
"BLOCK3G17",19.3753636363636,10.5746363636364,2.61345454545455,18.584,10.312,2.669,30.3099494545454,0.687199654545455,0.323757672727273
"BLOCK3G18",23.8101,11.0164,3.0399,22.947,10.911,3.05,20.3819416555556,0.394222044444444,0.160373433333333
"BLOCK3G19",23.7076,10.9519,3.1393,23.398,10.762,3.059,20.0611584888889,0.811043877777778,0.189495566666667
"BLOCK3G2",21.4453,10.1936,2.9575,20.238,10.2075,2.928,11.2668969,0.207598266666667,0.143515388888889
"BLOCK3G20",24.3881,11.6078,3.0284,23.9055,11.5695,2.9925,25.1981369888889,0.660268177777778,0.176265155555556
"BLOCK3G22",25.0055,11.9865,3.0499,25.108,12.0555,3.0695,9.50360894444444,0.945144722222222,0.0677516555555556
"BLOCK3G23",23.9482,11.2939,3.0357,23.853,11.3875,3.0665,19.1366459555556,0.410286766666667,0.127154233333333
"BLOCK3G25",23.4434,11.9685,2.8372,22.4735,12.051,2.846,18.6463700444444,0.420977611111111,0.159528844444444
"BLOCK3G27",24.525,12.2908,2.8391,24.828,12.4155,2.837,15.9846333333333,0.429135511111111,0.0908518777777778
"BLOCK3G28",24.685,10.7585,3.2593,24.6985,10.7995,3.288,7.70268266666666,0.186437611111111,0.0660666777777778
"BLOCK3G29",23.2514,11.4375,2.9247,23.917,11.3655,2.9885,15.4564504888889,0.4539265,0.134879788888889
"BLOCK3G3",20.9112,10.4086,2.8001,20.7145,10.3375,2.8105,17.1750648444444,0.539988488888889,0.145848988888889
"BLOCK3G30",24.749,10.8893,3.2084,24.147,10.86,3.226,28.6640706666667,0.9026329,0.181790933333333
"BLOCK3G31",25.9255,12.5693,2.9524,25.9455,12.672,2.942,22.9509929444444,0.610507122222222,0.114647822222222
"BLOCK3G32",23.4733,11.2557,2.9794,23.4455,11.0825,3.071,19.5767300111111,0.525389122222222,0.157828266666667
"BLOCK3G33",23.7018,11.3294,2.9155,22.8865,11.1585,2.827,26.5827581777778,2.30258848888889,0.124885166666667
"BLOCK3G34",24.1825,11.6807,2.9426,23.3275,11.606,2.965,13.6269498333333,0.547821788888889,0.0975331555555556
"BLOCK3G36",27.1051,12.6138,3.1114,26.835,12.4885,3.088,15.8237796555556,0.613085733333333,0.101684933333333
"BLOCK3G37",23.2978,11.6318,2.9169,21.8465,11.5915,2.8555,12.9492030666667,0.121700622222222,0.1147481
"BLOCK3G38",24.7125,11.6768,2.9988,25.3535,11.7445,3.04,9.6785565,0.280616177777778,0.0630844
"BLOCK3G39",23.9751,11.7448,2.9613,23.9025,11.5165,2.8725,18.1690556555556,0.812814622222222,0.111683566666667
"BLOCK3G4",25.1271,11.2852,3.2201,25.186,11.374,3.2495,12.0518532111111,0.0993135111111111,0.108992544444444
"BLOCK3G41",26.148,11.8489,3.1334,26.851,11.817,3.175,11.8627504444444,0.193938544444444,0.0835851555555555
"BLOCK3G42",22.2462,11.0282,2.8734,22.5235,10.889,2.925,16.7362677333333,0.278291955555556,0.160727155555556
"BLOCK3G44",21.6746666666667,10.9758888888889,2.89788888888889,22.589,10.62,2.977,8.510859,0.445062111111111,0.0552646111111111
"BLOCK3G45",18.38,9.93554545454545,2.618,18.725,9.953,2.846,25.4173636,0.360504872727273,0.3786938
"BLOCK3G46",24.7293,12.0018,2.9515,24.772,11.973,2.9835,20.0649929,0.484976622222223,0.133057166666667
"BLOCK3G48",22.9591,11.0221,2.9911,22.69,10.9455,2.985,14.1079845444444,0.497331655555555,0.114491211111111
"BLOCK3G49",22.8609,11.6597,2.7917,22.412,11.7495,2.7745,20.5109527666667,0.457292011111111,0.154460677777778
"BLOCK3G50",24.842,11.3137,3.1303,24.9285,11.364,3.1685,10.8184655555556,0.888668233333333,0.0647175666666667
"BLOCK3G51",22.6825,10.7809,2.9277,22.3135,10.5965,2.934,18.0587040555556,0.403613877777778,0.141029344444444
"BLOCK3G52",25.4531,11.1049,3.2349,26.833,10.946,3.2235,13.3140389888889,0.336403877777778,0.119847211111111
"BLOCK3G52N2",22.0015,10.7489,2.9526,21.5605,10.6485,2.961,11.8556085,0.354232766666667,0.0886856
"BLOCK3G53",24.6806,11.5069,2.9603,24.99,11.6745,2.99,7.60073893333334,0.259817877777778,0.0351722333333333
"BLOCK3G56",25.3008,10.9062,3.2676,24.5345,10.761,3.266,27.6837737333333,0.7778964,0.201940266666667
"BLOCK3G57",25.3006,11.2517,3.209,24.7255,11.348,3.2115,20.7201449333333,0.385627344444445,0.171241111111111
"BLOCK3G58",24.4234,11.7674,2.9011,23.9465,11.7875,2.9515,8.06537493333333,0.245118488888889,0.0535996555555555
"BLOCK3G6",21.8544,10.9392,2.8194,20.8435,10.98,2.772,7.04545204444444,0.0955368444444446,0.0733411555555555
"BLOCK3G60",23.3355,11.1317,2.968,23.582,11.175,2.994,20.3933193888889,0.561793122222223,0.148881333333333
"BLOCK3G61",23.9855555555556,10.6873333333333,3.17188888888889,25.399,10.803,3.319,12.3785777777778,0.2480085,0.163168611111111
"BLOCK3G62",25.1189,11.3053,3.1082,27.2655,11.397,3.2785,18.1020516555556,0.260272677777777,0.149600844444444
"BLOCK3G63",24.3741,11.3821,3.0747,24.734,11.471,3.032,27.6420698777778,0.830471211111111,0.178372677777778
"BLOCK3G64",26.4081,11.9934,3.1246,26.8015,11.9805,3.277,31.0900952111111,0.876859822222222,0.222543155555556
"BLOCK3G65",22.9349,11.0956,2.9192,23.078,11.061,2.9105,14.5242523222222,0.315457155555556,0.129723733333333
"BLOCK3G66",25.4015,12.6088,2.9187,25.649,12.758,2.9525,14.6285818333333,0.619602177777778,0.0858022333333333
"BLOCK3G67",24.3395,11.645,2.964,24.1695,11.4575,2.99,14.9277140555556,0.432232666666667,0.0887313333333333
"BLOCK3G68",23.5443,11.1401,2.996,22.4315,11.246,3.0535,9.53666912222223,0.667229655555556,0.053356
"BLOCK3G69",24.4188,11.7621,2.8917,24.3745,11.923,2.8485,23.7202132888889,1.27786454444444,0.139053788888889
"BLOCK3G7",22.7226,10.9372,2.8955,22.3435,10.987,2.837,19.0982471555556,0.259444177777778,0.1796585
"BLOCK3G70",20.5043636363636,11.0169090909091,2.68772727272727,19.654,11.215,2.548,37.7021964545455,0.762640890909091,0.400793218181818
"BLOCK3G71",22.6904,10.9583,2.9229,23.066,10.913,2.9315,14.0316618222222,0.341510233333333,0.132447655555556
"BLOCK3G72",23.7553,11.4926,2.8848,24.832,11.32,2.959,19.2991166777778,0.4779416,0.152821511111111
"BLOCK3G75",25.1823,11.5007,3.0384,24.1875,11.3595,2.984,22.7209662333333,0.475940455555556,0.167674266666667
"BLOCK3G77",22.5728,10.6853,2.9417,22.2665,10.654,2.9305,7.93818328888889,0.204447566666667,0.0891824555555556
"BLOCK3G78",25.2926,11.9848,3.0283,24.9035,12.0815,2.9375,28.1445742666667,0.277461733333334,0.214675788888889
"BLOCK3G79",26.3809,12.2074,3.119,25.3915,12.184,3.1125,45.4390669888889,1.31853115555556,0.283042666666667
"BLOCK3G8",23.9089,10.9328,3.052,23.4525,10.8795,3.0575,13.2880778777778,0.416713288888889,0.0809424444444444
"BLOCK3G81",26.1061,12.2998,3.0741,25.2285,12.4195,3.0805,26.8227209888889,1.68336995555556,0.132925211111111
"BLOCK3G82",21.8827,10.8954,2.8253,21.8875,10.9795,2.83,12.7092529,0.0783602666666665,0.142712677777778
"BLOCK3G85",24.506,11.653,2.9235,24.963,11.748,3.0005,6.99007977777778,0.392808444444444,0.0655547222222222
"BLOCK3G86",21.7394,10.8062,2.8262,21.6375,10.9265,2.8275,19.3350091555556,0.575447066666667,0.157492622222222
"BLOCK3G87",25.3985,12.0053,3.0121,24.8035,12.3635,2.9,17.1892858333333,1.18489267777778,0.108239877777778
"BLOCK3G88",24.9464,11.1654,3.1632,23.859,10.9035,3.161,24.4814571555556,0.710069377777778,0.1892984
"BLOCK3G89",24.6263,11.5809,3.0755,24.4575,11.719,3.127,12.1208693444444,0.859970322222222,0.0681478333333333
"BLOCK3G9",21.3761,10.7568,2.8399,21.683,10.869,2.891,15.4860723222222,0.3931724,0.124004766666667
"BLOCK3G90",20.3485,10.6485,2.713,21.338,10.6545,2.8475,15.2970485,0.488191611111111,0.138048
"BLOCK3G91",25.8563,11.3174,3.2503,25.3815,11.39,3.233,20.7513653444444,0.831479155555555,0.121016011111111
"BLOCK3G92",22.3454,10.5994,2.9403,22.4975,10.5835,2.8915,12.1189722666667,0.369169822222222,0.0868531222222222
"BLOCK3G95",24.8964,11.6826,3.0419,23.948,11.5535,2.8825,21.8110758222222,0.763735155555556,0.125349655555556
"BLOCK3G97",26.4381,12.2427,3.0805,25.7635,12.2535,3.01,19.3431123222222,0.503622233333333,0.127016277777778
"BLOCK3G98",24.2717,11.3252,3.0614,23.8895,11.3275,3.0435,15.2736991222222,0.354566622222222,0.129548266666667
"BLOCK3G99",20.1107272727273,11.3962727272727,2.53681818181818,19.222,11.105,2.505,35.6223902181818,0.540441418181818,0.409440563636364
"BLOCK3ZAVITAN",24.3604,10.6753,3.2269,23.807,10.4905,3.206,31.7860867111111,0.9535689,0.275112988888889
"BLOCK475",24.3618,11.3659,2.9573,24.243,11.4715,2.9545,10.4838079555556,0.439279433333333,0.0662317888888889
"BLOCK4G1",25.3041,12.2152,2.8953,25.8915,12.3705,2.96,34.0188134333333,1.36344728888889,0.198589122222222
"BLOCK4G10",21.4969,10.2894,2.9661,22.2625,10.3855,3.038,19.3597547666667,0.543818266666667,0.161739211111111
"BLOCK4G100",26.5336,12.1974,3.0249,24.7235,12.1745,2.9045,23.3829676,0.904273155555555,0.135977877777778
"BLOCK4G102",22.9843,10.8156,2.8764,23.1895,10.762,2.893,9.14414223333333,0.161049155555555,0.118143822222222
"BLOCK4G103",24.4616,11.4755,3.0623,24.156,11.25,3.0565,17.7743271555556,0.673937388888889,0.114745566666667
"BLOCK4G104",24.7656,12.0777,2.9076,25.8595,12.045,3.0045,18.2434722666667,0.418292233333333,0.137427822222222
"BLOCK4G106",23.8058,11.2358,3,22.9715,11.3995,2.892,16.7417499555556,0.206809066666667,0.219062666666667
"BLOCK4G107",26.0384,11.6867,3.1164,26.816,11.63,3.0985,18.6470947111111,0.357195122222222,0.2286396
"BLOCK4G109",25.1506,11.4613,3.065,25.4825,11.3215,3.1275,16.4628100444444,0.2469989,0.156852666666667
"BLOCK4G11",25.0565,11.7575,3.0083,26.247,12.01,3.0825,10.6624905,0.337698277777778,0.0842971222222222
"BLOCK4G110",23.8276,10.6399,3.1865,24.0015,10.77,3.1405,12.4649671555556,0.493019433333333,0.0987471666666666
"BLOCK4G111",23.9082,11.4095,2.9934,23.518,11.42,2.969,10.1345259555556,0.325153611111111,0.0695978222222222
"BLOCK4G112",20.7881,10.7766,2.7281,20.3285,10.6355,2.711,16.0576636555556,0.954080488888889,0.118978322222222
"BLOCK4G113",24.3482,11.9642,2.8427,24.652,12.3945,2.875,22.6258490666667,1.48507128888889,0.136594677777778
"BLOCK4G114",24.6643,11.3895,3.0739,26.2725,11.629,3.134,13.7759231222222,0.475214722222222,0.0881012111111111
"BLOCK4G115",23.6646,11.7891,2.9525,24.187,11.819,3.023,11.6136449333333,0.455504322222222,0.0589018333333333
"BLOCK4G12",24.4267,11.7084,2.9234,24.9265,11.645,2.976,16.8405711222222,0.451860933333333,0.1203676
"BLOCK4G13",24.9975,11.7014,3.0385,24.4515,11.548,3.0905,13.8024845,0.517627377777778,0.0620365
"BLOCK4G14",22.5547,11.451,2.8238,21.966,11.445,2.819,28.5390944555556,1.57927888888889,0.1925644
"BLOCK4G15",24.5378,11.6665,2.9725,24.8865,11.561,3.0315,10.6973495111111,0.266507388888889,0.0674911666666666
"BLOCK4G16",27.782,11.7737,3.3723,28.2445,11.8685,3.3735,38.7194577777778,0.866246011111111,0.2259609
"BLOCK4G17",22.6973,11.0376,2.8912,22.9095,11.0095,2.915,13.9554215666667,0.366918933333333,0.123311288888889
"BLOCK4G18",23.9647272727273,11.2681818181818,3.01709090909091,23.231,11.493,3.085,41.1434272181818,0.734676963636364,0.365344690909091
"BLOCK4G19",22.9993,11.2096,2.9265,23.61,11.146,2.9975,17.9348749,0.457789822222222,0.112170944444444
"BLOCK4G2",24.3519,10.724,3.1949,25.7025,10.6965,3.304,15.9484796555556,0.218448444444444,0.139999877777778
"BLOCK4G22",24.8515,12.205,2.9119,26.292,12.222,3.0305,16.9405145,0.88658,0.113680988888889
"BLOCK4G23",25.0943,11.5634,3.133,25.3895,11.6775,3.1455,12.7515564555556,0.515699155555556,0.0729211111111111
"BLOCK4G25",22.6493,11.5034,2.881,20.2765,11.699,2.9105,21.1382222333333,1.27413471111111,0.154308666666667
"BLOCK4G27",24.7832,12.3566,2.8502,24.8025,12.1755,2.853,21.1332210666667,0.635727822222222,0.1034844
"BLOCK4G28",26.2963,11.2243,3.3895,26.1795,11.2535,3.376,15.5205797888889,0.272907344444444,0.117341833333333
"BLOCK4G29",21.9512,11.1135,2.8234,22.138,11.048,2.907,13.0301508444444,0.586528055555555,0.0819669333333333
"BLOCK4G3",22.9294,10.5929,3.0335,23.3655,10.818,2.9135,12.7346109333333,0.303211433333333,0.153140944444444
"BLOCK4G30",25.0295,11.1159,3.2145,24.981,11.052,3.181,31.9369436111111,1.34066543333333,0.189189388888889
"BLOCK4G30N2",23.0166,10.5767,3.0648,22.907,10.5875,3.103,16.7328927111111,0.598602011111111,0.119015288888889
"BLOCK4G32",23.0952,11.4328,2.9055,22.905,11.6495,2.903,26.5021517333333,0.616532622222222,0.189689611111111
"BLOCK4G33",23.7049090909091,11.8141818181818,2.88590909090909,23.988,11.809,3,39.8556568909091,0.925406963636364,0.442867890909091
"BLOCK4G34",25.2741,11.8903,3.0565,25.258,11.8935,3.126,20.6097998777778,0.9390749,0.1497705
"BLOCK4G34N2",24.8637,11.758,2.9596,26.1805,12.1145,3.0635,23.7834269,1.67943022222222,0.0969749333333333
"BLOCK4G36",25.6241,12.265,3.0859,26.5515,12.218,3.1705,19.8231096555556,0.457143111111111,0.174203211111111
"BLOCK4G37",22.7014,11.5332,2.9041,23.6435,11.7,3.023,21.1838942666667,0.287778844444444,0.209404544444444
"BLOCK4G38",23.4135,11.9029,2.8164,22.248,12.0665,2.74,16.6244947222222,0.562750988888889,0.109957377777778
"BLOCK4G39",23.2809,11.4152,2.9751,23.604,11.847,2.9195,23.2107549888889,1.15017795555556,0.151626766666667
"BLOCK4G4",26.1305,11.6451,3.184,26.5625,11.6775,3.1835,17.3900085,0.563131655555556,0.143547333333333
"BLOCK4G41",26.5904,11.7612,3.1462,25.9215,11.875,3.1095,11.8806382666667,0.273849288888889,0.100396177777778
"BLOCK4G42",23.5316,10.9322,2.9773,24.4665,11.173,3.055,9.05079893333333,0.246657288888889,0.102815788888889
"BLOCK4G43",23.8386,10.9875,3.0929,23.2235,10.844,3.063,11.9964353777778,0.633914722222222,0.0606694333333333
"BLOCK4G44",22.3161,11.0431,2.9052,22.546,11.033,3.0005,19.5212029888889,0.428417433333333,0.185612844444444
"BLOCK4G45",27.1048,11.1224,3.4057,27.5315,11.1225,3.398,27.4245746222222,0.762316266666667,0.144404233333333
"BLOCK4G46",23.2584,11.3478,2.9259,22.9445,11.2905,2.9235,14.2683402666667,0.643335955555556,0.0553052111111111
"BLOCK4G48",21.8930909090909,11.2981818181818,2.79136363636364,21.858,11.193,2.935,45.3144290909091,0.131899163636364,0.647423254545455
"BLOCK4G49",25.4493,12.1028,2.9956,25.6125,12.1265,3.0055,9.44561734444445,0.215647288888889,0.0639476
"BLOCK4G50",26.7683,11.9309,3.2191,26.9615,12.015,3.245,13.9383157888889,0.280120322222222,0.0893947666666666
"BLOCK4G51",20.7690909090909,10.9014545454545,2.63463636363636,20.496,10.886,2.596,37.5893604909091,0.577447272727273,0.485640854545455
"BLOCK4G52",24.6813,10.866,3.2008,23.2495,10.909,3.0645,22.8205075666667,0.684263555555555,0.174341511111111
"BLOCK4G53",26.0607,11.8853,3.0208,25.5855,11.8975,3.0305,14.6443324555556,0.428278455555555,0.0752166222222222
"BLOCK4G54",20.0676,11.0164,2.6428,20.6305,11.012,2.747,3.01303715555555,0.0780436,0.0301828444444445
"BLOCK4G56",25.6306,10.9656,3.2673,25.849,11.1265,3.274,27.9377993777778,0.673726711111111,0.212841122222222
"BLOCK4G57",22.9908,10.8613,3.105,23.628,10.78,3.1885,25.3184532888889,0.390690233333334,0.250469777777778
"BLOCK4G58",23.6787272727273,11.8455454545455,2.79809090909091,25.786,11.982,3.069,49.1670684181818,0.344718672727273,0.558293690909091
"BLOCK4G6",23.928,11.5376,2.9629,22.818,11.5075,2.903,20.9110175555556,0.260896933333333,0.265130988888889
"BLOCK4G60",22.6293,11.2654,2.8487,22.156,11.2225,2.871,11.3482769,0.188951155555556,0.0809682333333333
"BLOCK4G61",20.5728,10.4516,2.8045,20.5885,10.4205,2.806,18.3209101777778,0.650044933333333,0.171974055555556
"BLOCK4G62",23.1907,10.808,2.9844,23.281,10.8825,3.013,14.6815884555556,0.259119111111111,0.158112488888889
"BLOCK4G63",23.503,11.4274,2.926,23.682,11.3355,2.938,14.3146728888889,0.270600266666667,0.119768222222222
"BLOCK4G65",24.3381,11.6127,2.9413,24.758,11.6135,2.922,9.01134743333333,0.310076455555556,0.0835220111111111
"BLOCK4G66",27.5783,12.6962,3.1821,27.329,12.495,3.17,26.1981751222222,0.645182622222223,0.182373877777778
"BLOCK4G67",26.3965,12.3189,3.054,26.331,12.258,3.101,17.7561651666667,0.6302181,0.109115777777778
"BLOCK4G68",21.5928,10.6091,2.8862,20.915,10.3685,2.8785,13.7792946222222,0.5696521,0.0981924
"BLOCK4G69",24.3343,11.7035,2.9078,23.177,11.5725,2.8385,16.3698633444444,0.395678277777778,0.0997926222222222
"BLOCK4G7",21.9129,10.9368,2.8782,22.6875,10.919,3.0105,14.0851074333333,0.254418844444445,0.137245955555556
"BLOCK4G70",24.5475,11.7182,2.9508,25.101,11.6275,3.0705,23.8167065,0.568747066666667,0.183023955555556
"BLOCK4G71",24.3455,11.459,2.9842,24.5695,11.4575,3.034,18.1033347222222,0.474271333333333,0.123180844444444
"BLOCK4G77",23.3831,11.0722,2.9309,23.551,10.7,3.036,9.69571498888889,0.838377066666667,0.0589438777777778
"BLOCK4G78",24.3052,11.487,2.9366,24.4805,11.6175,2.959,32.9144808444444,0.904362666666666,0.271853377777778
"BLOCK4G78N2",21.6095,11.1652,2.7503,21.139,11.2035,2.6355,12.5758071666667,0.571027955555556,0.140721566666667
"BLOCK4G79",28.418,12.4497,3.2678,29.285,12.789,3.2825,45.0205877777778,2.15539201111111,0.278258844444444
"BLOCK4G8",25.0984,11.0995,3.1269,24.22,10.937,3.097,26.9086784888889,0.6722405,0.1853961
"BLOCK4G81",27.1944,12.7683,3.0361,27.694,13.0135,3.138,19.8657464888889,1.30759267777778,0.0772958777777777
"BLOCK4G82",24.7963,11.1884,3.1231,25.6525,11.1375,3.088,7.56585912222222,0.228532044444444,0.0510841
"BLOCK4G86",21.8163,10.814,2.7908,21.473,10.8135,2.7615,15.3849053444445,0.334649111111111,0.1697824
"BLOCK4G87",25.5927,12.186,3.0559,25.2675,11.912,3.114,26.2663533444444,0.545109555555556,0.188226544444444
"BLOCK4G88",25.3321,11.2619,3.2205,25.779,11.4175,3.242,25.6981525444444,0.4554161,0.204297611111111
"BLOCK4G89",25.2547,11.779,3.1425,26.3515,11.8955,3.1785,16.2593955666667,0.268313555555555,0.145290944444444
"BLOCK4G9",21.2603,10.7473,2.8063,21.881,10.6255,2.91,17.1313362333333,0.412786677777778,0.164169566666667
"BLOCK4G90",20.3736,10.6194,2.7036,20.604,10.625,2.7475,7.12166248888889,0.312054044444445,0.0659331555555556
"BLOCK4G91",27.0352,11.7124,3.2739,27.987,11.791,3.32,19.0213930666667,0.288198266666667,0.138545877777778
"BLOCK4G92",23.29,10.6131,3.0394,23.1535,10.5225,3.0565,12.0540528888889,0.373653877777778,0.100426044444444
"BLOCK4G95",24.087,11.6198,2.9403,25.243,11.5905,3.0695,26.5138448888889,1.15103417777778,0.196280011111111
"BLOCK4G97",24.0907272727273,12.1405454545455,2.85581818181818,24.107,12,2.972,71.1062586181818,1.69767607272727,0.726832963636364
"BLOCK4G98",22.5893,10.4578,2.9758,22.29,10.5695,2.9815,11.3823602333333,0.312702177777778,0.0800797333333333
"BLOCK4G99",23.7884,11.685,2.9403,23.8555,11.329,2.876,12.9772589333333,0.505947333333333,0.1012729
"BLOCK4G9N2",18.8207,10.2521,2.5882,18.8055,10.1725,2.635,10.3821980111111,0.313662988888889,0.117636177777778
"BLOCK4ZAVITAN",25.7116,11.1456,3.2305,26.158,11.246,3.2575,23.1904996,0.990306044444444,0.147066944444444
"BLOCK5G1",23.5027,12.0259,2.7705,23.236,11.637,2.781,21.3855422333333,0.663381877777778,0.120144277777778
"BLOCK5G10",22.489,10.6444,3.0203,22.7135,10.8125,3.1035,12.1390437777778,0.431880933333333,0.0992504555555556
"BLOCK5G100",24.9548,11.9872,2.8825,26.086,11.945,3.057,16.8316266222222,0.395962177777778,0.107623166666667
"BLOCK5G102",23.2202,10.9442,2.9272,24.4035,10.871,3.053,14.5253364,0.264421066666667,0.151989066666667
"BLOCK5G103",22.8764,10.9592,2.9937,22.311,10.772,2.947,10.2641851555556,0.276277511111111,0.0773557888888889
"BLOCK5G104",28.1665,13.4399,3.0882,28.1905,13.428,3.0605,25.4388093888889,0.382015877777778,0.136190844444444
"BLOCK5G105",23.227,11.2264,2.9549,23.788,11.258,3.097,11.478374,0.160224711111111,0.105274544444444
"BLOCK5G106",23.2345,11.2302,2.9178,24.5355,11.273,3.041,13.6599345,0.148197733333334,0.128434177777778
"BLOCK5G107",24.9718,11.6522,2.976,25.4245,11.514,3.0265,20.1953081777778,0.4156264,0.135718444444444
"BLOCK5G109",23.8702,10.9291,3.0421,23.764,10.8055,3.0805,14.6126844,0.442057433333333,0.137687433333333
"BLOCK5G110",21.5113,10.4293,2.8924,21.8605,10.7275,2.9955,18.5731606777778,0.765315122222222,0.146726933333333
"BLOCK5G111",23.1871818181818,11.6251818181818,2.802,20.572,11.479,2.694,43.9981871636364,0.697656163636364,0.3329066
"BLOCK5G112",22.6717,11.0741,2.8717,22.575,11.105,2.8785,16.2039673444444,0.411992322222222,0.127837788888889
"BLOCK5G113",23.3286363636364,12.2700909090909,2.74954545454545,23.365,12.633,2.844,45.7191778545455,1.30415809090909,0.364013872727273
"BLOCK5G114",24.2335,11.2771,3.0267,24.385,11.2345,3.0855,9.5260465,0.2156241,0.0867049
"BLOCK5G115",26.0473,11.9619,3.1517,26.597,12.0485,3.162,11.6507640111111,0.331776766666667,0.0555355666666667
"BLOCK5G12",25.3831,11.6182,3.1428,26.925,11.469,3.2365,24.5315176555556,0.907827733333333,0.243617066666667
"BLOCK5G13",25.2973,11.948,2.9747,25.6295,11.859,3.0005,13.0453004555556,0.308344444444445,0.0742917888888889
"BLOCK5G14",25.393,12.086,2.9527,25.0735,12.2505,2.965,12.989012,1.135602,0.0519715666666667
"BLOCK5G15",22.5872,11.2134,2.8077,22.2125,11.2635,2.825,13.2938957333333,0.337250933333333,0.0985980111111111
"BLOCK5G16",27.3959,11.3391,3.455,27.9705,11.4545,3.5515,25.2648858777778,0.839579877777778,0.163933777777778
"BLOCK5G17",23.4018,11.2167,2.9213,23.875,11.251,3.0035,19.7677275111111,0.286331566666667,0.185201788888889
"BLOCK5G18",25.0925,11.2871,3.164,25.2035,11.36,3.137,11.6572600555556,0.3212121,0.0753873333333333
"BLOCK5G19",24.8448,11.2268,3.1388,24.292,11.039,3.122,14.0365788444444,0.802473288888889,0.0786052888888889
"BLOCK5G2",24.896,10.7339,3.2405,24.46,10.588,3.2145,21.4316082222222,0.712988544444445,0.199865611111111
"BLOCK5G20",22.5202,11.3201,2.886,22.451,11.251,2.8895,13.8180784,0.664970988888888,0.0862304444444444
"BLOCK5G22",29.4557,13.1654,3.2622,30.128,13.184,3.352,9.50265778888889,0.344852711111111,0.0605112888888889
"BLOCK5G23",20.8252,10.6555,2.6935,21.2925,10.5755,2.7615,8.5776604,0.327385611111111,0.0667765
"BLOCK5G25",23.104,12.0909,2.764,23.3795,12.0515,2.7415,17.9659602222222,0.340373211111111,0.124674888888889
"BLOCK5G27",22.611,11.6724,2.7436,21.7605,11.403,2.7175,18.122916,0.769938711111111,0.100268711111111
"BLOCK5G28",24.6228,11.2773,3.1072,24.9385,11.466,3.141,13.3900964,0.282457788888889,0.113669511111111
"BLOCK5G29",23.8127,11.6724,2.8823,24.2245,11.4895,2.9165,7.34617334444444,0.284303377777778,0.0642457888888889
"BLOCK5G3",22.6394,10.7563,2.9395,23.052,10.758,3.0175,17.0648291555556,0.414422677777778,0.181214944444444
"BLOCK5G30",24.3152,10.9949,3.1498,22.923,10.9475,3.1045,23.9996268444444,0.748430766666667,0.145871066666667
"BLOCK5G31",26.5972,12.9274,2.9762,26.7595,13.006,2.98,14.6312075111111,1.16276048888889,0.0652239555555555
"BLOCK5G32",24.4023,11.5584,2.9429,25.144,11.9455,2.9725,28.5015957888889,1.10127026666667,0.182372988888889
"BLOCK5G33",23.195,11.7833,2.8357,23.5725,11.725,2.859,18.3126555555556,0.434786011111111,0.161913344444444
"BLOCK5G34",24.3098,12.0511,2.8543,23.8985,11.9235,2.7905,25.1667444,0.622415433333333,0.189986233333333
"BLOCK5G36",27.2568,12.4974,3.1746,27.28,12.3265,3.215,15.6236395111111,0.288041377777778,0.126142933333333
"BLOCK5G37",25.0902,12.1236,3.0424,25.35,12.137,3.1015,16.9220635111111,0.129768711111111,0.151646711111111
"BLOCK5G38",25.2309,11.9471,3.0096,26.111,11.981,3.0845,13.3065349888889,0.665981877777778,0.0862973777777778
"BLOCK5G39",26.3511,12.0885,3.1458,26.7405,12.046,3.175,12.0512041,0.423222055555555,0.0611946222222222
"BLOCK5G4",26.3403,11.6315,3.2014,27.1645,11.7575,3.2835,26.8671129,0.327049611111111,0.267352266666667
"BLOCK5G41",23.6203636363636,11.9416363636364,2.76872727272727,24.153,12.033,2.93,30.7697528545455,0.126908454545454,0.352284818181818
"BLOCK5G42",22.1807,11.1211,2.7897,22.485,11.2615,2.856,12.3052597888889,0.308479655555556,0.143974455555556
"BLOCK5G43",24.2633,10.9343,3.1282,23.9045,11.136,3.0985,15.0426546777778,1.04156423333333,0.0540937333333334
"BLOCK5G44",22.725,11.1473,2.9359,23.161,11.194,2.9505,10.2071426666667,0.373499122222222,0.0509581
"BLOCK5G45",25.2053,10.6835,3.2682,25.1805,10.6815,3.283,28.4575095666667,0.567099611111111,0.196598844444444
"BLOCK5G46",24.531,11.8474,2.9969,24.409,11.776,3.0355,25.2699435555556,0.806942933333334,0.120590544444444
"BLOCK5G48",24.3035,11.2689,3.0789,24.907,11.3435,3.1465,19.5774622777778,0.335204988888889,0.129712322222222
"BLOCK5G49",24.3586,12.0681,2.9038,24.608,12.0215,2.936,12.5226331555556,0.248317655555556,0.0735904
"BLOCK5G50",23.7075454545455,11.8680909090909,2.86645454545455,22.328,11.801,2.791,39.4533496727273,0.333693290909091,0.389895272727273
"BLOCK5G51",22.6444,10.8209,2.919,22.814,10.757,3.032,21.4788422666667,0.355668322222222,0.236621777777778
"BLOCK5G52",21.1652,10.5689,2.8768,20.052,10.634,2.874,9.82526862222222,0.176452988888889,0.0896484
"BLOCK5G53",24.2616,11.5565,2.9063,23.999,11.5275,2.904,11.1962573777778,0.509982944444445,0.0489175666666667
"BLOCK5G54",23.428,11.5832,2.9427,23.5885,11.5335,2.9745,13.6653088888889,0.434392844444444,0.0882369
"BLOCK5G56",24.7719,10.8389,3.2018,24.262,10.7125,3.209,32.3334863222222,0.797459877777778,0.282127511111111
"BLOCK5G57",23.587,11.4251,3.0002,24.284,11.3285,3.093,18.6418102222222,0.356388544444445,0.151215955555556
"BLOCK5G58",25.4661818181818,12.0780909090909,2.89309090909091,27.333,12.401,3.183,67.6097001636364,1.18784729090909,0.645301890909091
"BLOCK5G6",23.1226,11.5304,2.9185,22.449,11.5525,2.8835,7.29927493333333,0.0468364888888888,0.0946409444444445
"BLOCK5G60",24.3196,11.3308,2.9994,24.6585,11.222,3.03,13.3515420444444,0.441307288888889,0.114210266666667
"BLOCK5G61",23.2311,11.2609,2.9152,24.136,11.3605,3.011,17.1309812111111,0.416477655555555,0.114628622222222
"BLOCK5G62",24.0962,10.9643,2.9791,24.592,10.8305,3.1435,15.2297690666667,0.3889849,0.128898322222222
"BLOCK5G63",29.3699,11.9386,3.4941,30.12,11.919,3.664,31.2306256555556,0.508963155555556,0.274755655555556
"BLOCK5G64",24.1297,11.6106,2.983,24.4875,11.6495,3.0275,11.5172875666667,0.1479496,0.112824888888889
"BLOCK5G65",24.7352,11.723,2.9623,24.762,11.8165,2.9795,24.9357250666667,0.725226888888888,0.135166233333333
"BLOCK5G66",27.4248,12.8826,3.077,27.928,12.857,3.1265,16.3981057333333,0.489782044444445,0.0844088888888889
"BLOCK5G67",24.5877,11.8376,2.9231,24.5535,11.8715,2.9455,10.9323457888889,0.482906933333333,0.0550416555555556
"BLOCK5G68",23.2027,11.1982,2.9831,23.616,11.197,2.9975,10.6847873444444,0.171603733333333,0.0929172111111111
"BLOCK5G69",23.9656,11.7327,2.8522,24.5625,11.919,2.9275,19.1301100444444,0.433760233333334,0.134926844444444
"BLOCK5G7",22.3297,11.1727,2.8287,22.322,11.085,2.8725,11.1780800111111,0.260013566666667,0.0956475666666666
"BLOCK5G70",25.6771,11.6647,3.1037,26.268,11.664,3.2185,22.7265487666667,0.719350233333334,0.143918011111111
"BLOCK5G71",21.0582,11.0631,2.7172,21.127,11.1945,2.6705,12.7360010666667,0.153099211111111,0.118604844444444
"BLOCK5G72",22.898,11.1044,2.8652,22.7515,11.0355,2.9055,15.0651246666667,0.562561377777778,0.116659733333333
"BLOCK5G75",24.3863,11.3777,2.967,24.422,11.4935,3.022,18.0024486777778,0.687324233333333,0.0845702222222222
"BLOCK5G77",25.4604,11.5779,3.0616,26.069,11.6775,3.1625,10.4498844888889,0.189438544444444,0.0947073777777778
"BLOCK5G79",26.9074,12.2887,3.2348,26.1065,12.264,3.18,27.7604791555556,0.553907344444444,0.200014622222222
"BLOCK5G8",18.0361,9.9393,2.5315,17.575,9.894,2.5215,4.00680321111111,0.348204455555556,0.0279996111111111
"BLOCK5G81",29.0645,12.9895,3.2271,28.5645,13.2255,3.181,36.7858762777778,1.17857316666667,0.157460544444444
"BLOCK5G82",21.2866,10.4779,2.8584,22.112,10.3775,2.921,12.0113480444444,0.655812099999999,0.107468711111111
"BLOCK5G85",21.4946,10.9995,2.7919,22.003,10.9,2.8715,13.3881087111111,0.276471611111111,0.1404641
"BLOCK5G86",23.557,11.3507,2.9559,24.0835,11.463,3.014,16.7690624444444,0.208477566666667,0.1259341
"BLOCK5G87",28.2644,12.6962,3.1986,28.6995,12.9955,3.1805,43.1578840444444,2.12292795555556,0.180580711111111
"BLOCK5G88",23.917,11.3961,3.0255,24.692,11.4925,3.083,20.4226377777778,0.484601877777778,0.158694055555556
"BLOCK5G89",23.4444,11.3876,2.9731,23.244,11.1145,3.0435,11.5522929333333,0.402624266666666,0.0761485444444444
"BLOCK5G9",25.5416,11.3043,3.1782,24.983,11.302,3.0875,15.0850698222222,0.650739788888889,0.101175288888889
"BLOCK5G90",22.0487,10.9012,2.8179,22.077,10.893,2.862,12.2140935666667,0.363293511111111,0.0834109888888889
"BLOCK5G91",26.5205,11.6909,3.1619,27.807,11.736,3.2925,23.7940191666667,0.551338766666667,0.221213211111111
"BLOCK5G92",25.5206,11.4473,3.2012,25.2435,11.66,3.1365,11.2428916,0.208207122222222,0.0967517333333334
"BLOCK5G95",25.5237,11.895,3.0633,25.589,11.828,3.09,18.3355300111111,0.429720666666667,0.105023788888889
"BLOCK5G97",26.8982,12.6111,3.0686,26.8085,12.6185,3.012,26.7108001777778,0.524040988888889,0.193739155555556
"BLOCK5G98",22.1418,10.7788,2.8666,22.8515,10.976,3.0145,11.3945515111111,0.139038622222222,0.114952933333333
"BLOCK5G99",21.1224545454545,11.1700909090909,2.71972727272727,19.191,10.893,2.612,32.8808672727273,1.42871289090909,0.261991218181818
"BLOCK5ZAVITAN",21.6635,10.5509,2.9029,21.3265,10.5445,2.9565,19.7365918333333,0.764983655555555,0.151628544444444
"BLOCK6G1",21.9244545454545,11.9491818181818,2.55736363636364,21.412,12.101,2.606,38.9022952727273,0.886063963636363,0.397854454545454
"BLOCK6G10",21.338,10.3653,2.9386,21.677,10.38,3,11.6942146666667,0.629480233333333,0.0789742666666666
"BLOCK6G100",27.1907,12.7642,2.9161,29.2395,13.098,3.053,21.6361855666667,0.6961024,0.138146322222222
"BLOCK6G102",23.5751,10.9064,2.921,24.7025,10.8055,2.99,11.1977858777778,0.197370488888889,0.113677555555556
"BLOCK6G103",26.3758,11.7559,3.2001,27.197,11.8255,3.288,31.0716072888889,0.749949877777778,0.256635211111111
"BLOCK6G104",25.8547,12.8121,2.8965,26.873,12.9715,2.9905,21.8705053444444,0.440949655555556,0.148256277777778
"BLOCK6G105",20.3154,10.3874,2.7715,20.3135,10.3645,2.8865,10.7260860444444,0.334701155555555,0.115417388888889
"BLOCK6G106",25.6459,11.5673,3.0908,26.1875,11.536,3.155,16.9111234333333,0.441199122222223,0.135013955555556
"BLOCK6G107",24.7228,11.6095,2.9709,24.5845,11.8575,3.031,19.5249679555556,0.664481611111111,0.127567655555556
"BLOCK6G109",21.9677,10.8032,2.8364,21.186,10.554,2.842,9.93575245555555,0.456990400000001,0.0495191555555555
"BLOCK6G109N2",20.768,10.6341,2.7163,21.5885,10.576,2.7805,17.6144797777778,0.386693433333333,0.168653788888889
"BLOCK6G11",20.3441,10.9276,2.6588,19.231,11.163,2.6355,6.95661165555556,0.548075377777778,0.0306099555555556
"BLOCK6G110",26.183,11.2591,3.3058,26.461,11.25,3.35,21.6264362222222,0.780776322222222,0.165701066666667
"BLOCK6G111",23.8656,11.6092,2.8696,23.8775,11.511,2.92,18.8049191555556,0.481852177777778,0.150962488888889
"BLOCK6G112",23.8402,11.2105,3.0166,23.907,11.312,3.0005,12.0639048444444,0.324092944444444,0.0814291555555555
"BLOCK6G113",25.8649,12.2802,3.0174,24.5345,12.2405,2.9865,15.7714796555556,0.739767066666667,0.106331155555556
"BLOCK6G114",23.6765,11.0488,3.0461,23.313,10.929,3.0505,12.6559965,0.325773066666666,0.0751463222222222
"BLOCK6G115",23.7782,11.5836,2.9319,23.169,11.416,2.896,17.6709217333333,0.849550044444445,0.125129877777778
"BLOCK6G12",24.4096,11.5384,2.9244,25.0805,11.675,3.0035,14.6930804888889,0.591628933333333,0.0781960444444445
"BLOCK6G13",25.556,11.637,3.1121,24.746,11.791,3.032,15.4127017777778,0.264277777777778,0.0791812111111111
"BLOCK6G14",24.1712,12.542,2.7971,23.08,12.5185,2.6655,29.5672315111111,0.525646000000001,0.239842766666667
"BLOCK6G15",21.692,11.0821,2.7511,22.0835,11.2965,2.8265,20.5321984444444,0.725674322222222,0.140778988888889
"BLOCK6G16",27.0259,11.5979,3.3528,25.768,11.4475,3.4365,22.0870749888889,0.926787655555556,0.200706844444444
"BLOCK6G17",23.1504,11.2316,2.8577,22.8745,11.233,2.892,18.7673998222222,0.286508044444444,0.188421788888889
"BLOCK6G18",25.0583,11.3841,3.0091,25.813,11.5395,3.1055,14.3098211222222,0.374584322222222,0.0949518777777777
"BLOCK6G19",20.3275,10.1805,2.7351,19.7445,10.093,2.708,12.7584276111111,0.4386985,0.113261433333333
"BLOCK6G2",23.2122,10.4501,3.0967,23.5265,10.4805,3.111,16.4952941777778,0.286946544444444,0.141960011111111
"BLOCK6G20",21.9113,11.2035,2.8257,20.899,11.16,2.847,9.05099378888889,0.186549166666667,0.0742535666666667
"BLOCK6G22",25.9616,12.5282,2.9847,26.0655,12.366,3.061,15.8020756,0.327687288888889,0.0911993444444444
"BLOCK6G23",24.021,11.3836,2.9775,23.4035,11.43,2.9845,22.0768871111111,0.476242488888889,0.158436944444444
"BLOCK6G25",24.4357,12.2798,2.8885,24.565,12.3265,2.891,18.2106086777778,0.238972177777778,0.162806722222222
"BLOCK6G27",25.3761,12.4544,2.8841,25.2305,12.523,2.8315,21.8023623222222,0.982216933333333,0.113890544444444
"BLOCK6G28",24.4036,11.2135,3.1119,24.5435,11.0825,3.2155,15.3857369333333,0.371199166666667,0.121495655555556
"BLOCK6G29",22.2109,11.2808,2.81,22.487,11.484,2.8775,29.6541038777778,0.791266177777778,0.265428888888889
"BLOCK6G3",23.5763,11.0404,2.9522,22.957,10.7625,3.025,14.7264826777778,0.627051155555556,0.0991312888888889
"BLOCK6G30",22.9646,10.6356,3.0621,22.58,10.696,3.0625,28.2430258222222,0.544873377777778,0.189487655555556
"BLOCK6G31",26.1943,12.226,3.0737,26.0065,12.13,3.1145,34.6195013444444,1.17254155555555,0.206935566666667
"BLOCK6G32",20.9789,11.2929,2.6408,20.182,11.3565,2.631,15.2854936555556,0.423381877777778,0.157095733333333
"BLOCK6G33",25.1102,12.3215,2.9129,24.4345,12.241,2.951,20.4442172888889,0.527074944444444,0.143974544444444
"BLOCK6G34",22.969,11.494,2.80872727272727,23.545,11.429,2.895,36.289879,1.237197,0.181773218181818
"BLOCK6G36",25.2428,12.0385,3.0111,25.74,12.023,3.113,10.3870632888889,0.4527485,0.0884696555555556
"BLOCK6G37",23.7383636363636,12.2416363636364,2.84118181818182,22.556,12.131,2.831,39.4119164545455,0.361302854545454,0.514232963636364
"BLOCK6G38",25.5071,12.0218,3.0222,25.5015,11.98,2.967,11.7470701,0.624221288888889,0.0699321777777778
"BLOCK6G39",23.1929,11.4342,2.9124,23.124,11.365,2.9225,20.8179296555556,0.384957288888889,0.147834044444444
"BLOCK6G4",27.5474,11.7494,3.3164,27.678,11.879,3.31,8.56968315555556,0.942781822222222,0.0312351555555555
"BLOCK6G41",27.567,11.9115,3.1828,27.3025,11.745,3.2025,7.29309066666667,0.132484722222222,0.0612179555555555
"BLOCK6G42",23.8644,11.1822,2.9571,23.7905,11.1395,2.9825,15.2005753777778,0.215374177777778,0.116990544444444
"BLOCK6G43",23.9114,10.9886,3.1134,23.174,10.885,3.059,19.2146773777778,0.599528933333334,0.126016711111111
"BLOCK6G44",24.2577,11.2068,3.0672,23.7095,11.072,3.126,10.9504142333333,0.620151511111111,0.0647572888888889
"BLOCK6G45",23.4419,10.3115,3.1798,23.5715,10.139,3.2655,38.3743609888889,1.20921072222222,0.272407955555556
"BLOCK6G46",25.0433636363636,12.3680909090909,2.90272727272727,25.356,11.993,3.076,39.0809994545455,0.770362690909091,0.353314618181818
"BLOCK6G48",25.3958,11.3954,3.1614,25.0105,11.3285,3.0545,15.7482475111111,0.372002266666666,0.108093155555556
"BLOCK6G50",20.7023333333333,11.4369166666667,2.63475,21.714,11.4595,2.794,42.4223056969697,0.738899537878788,0.496701477272727
"BLOCK6G51",23.9996,10.9758,3.0786,24.4105,11.0465,3.1515,23.3019978222222,0.727007955555556,0.157434488888889
"BLOCK6G52",21.9455,10.2667,2.9627,20.7195,9.955,2.9325,8.92984872222222,0.3998469,0.0653346777777778
"BLOCK6G53",24.132,11.5102,2.9039,24.7045,11.446,2.9475,19.4724568888889,0.433419733333333,0.129646988888889
"BLOCK6G54",24.531,11.3242,3.0977,24.9935,11.318,3.094,9.32988644444445,0.250769066666667,0.0802469
"BLOCK6G56",24.2157,10.6172,3.178,24.481,10.5935,3.233,26.8542142333333,0.718347955555556,0.230613333333333
"BLOCK6G57",24.1072,11.1653,3.1206,24.749,11.3435,3.276,16.1429759555556,0.393055122222222,0.140431377777778
"BLOCK6G58",23.2594545454545,12.0233636363636,2.72563636363636,24.098,12.111,3.004,39.3496108727273,0.299260854545455,0.490374454545455
"BLOCK6G6",25.0591,11.8131,2.9706,24.743,11.8635,2.971,15.1465338777778,0.161418544444445,0.132380488888889
"BLOCK6G60",25.8422,11.908,3.0855,25.72,11.9705,3.0705,17.3231881777778,0.324255777777778,0.147647388888889
"BLOCK6G61",24.0369,10.9982,3.0775,24.1875,10.9895,3.1005,25.2728629888889,0.385594844444445,0.206783388888889
"BLOCK6G62",25.11,11.0689,3.1506,24.692,11.195,3.087,14.4467877777778,0.323352544444445,0.140476044444444
"BLOCK6G63",25.4003,11.7257,3.0681,24.679,11.825,3.111,29.6242517888889,1.34882378888889,0.226629877777778
"BLOCK6G64",25.5198,11.8256,3.0596,26.0115,11.801,3.137,18.1159568444445,0.354086711111111,0.1156316
"BLOCK6G65",23.0669,11.3884,2.8472,23.6225,11.3265,2.891,24.4402845444444,0.744345822222222,0.166957288888889
"BLOCK6G66",29.1738,13.2468,3.1432,29.2165,12.9745,3.2675,40.9799855111111,1.75031262222222,0.152434844444444
"BLOCK6G67",26.1238,12.1074,3.0264,26.197,12.158,3.0145,20.4871699555556,0.508645155555555,0.111413155555556
"BLOCK6G68",23.9815,11.083,3.0693,24.08,11.01,3.026,9.93474361111111,0.504324444444444,0.0465940111111111
"BLOCK6G69",24.6074,11.668,3.0184,24.46,11.734,3.021,14.4535762666667,0.398268666666667,0.0668918222222222
"BLOCK6G7",23.6134,11.0767,3.0815,21.5445,10.9925,3.055,18.5135827111111,0.480323566666667,0.117631833333333
"BLOCK6G70",24.4892,11.7133,2.9392,25.918,11.884,3.1435,21.4623992888889,0.541592011111112,0.158521733333333
"BLOCK6G71",21.1967272727273,11.5345454545455,2.59909090909091,22.107,11.634,2.815,42.0943022181818,0.256083472727273,0.459286890909091
"BLOCK6G72",21.2192,11.0419,2.6396,21.2155,11.1715,2.6215,8.29061617777778,0.121758322222222,0.0842600444444444
"BLOCK6G75",24.5897,11.5474,2.9308,24.699,11.5625,3.011,20.0602893444444,0.3212336,0.165330622222222
"BLOCK6G77",25.9276,11.6379,3.0961,26.002,11.498,3.133,18.9999489333333,0.806897433333334,0.1220861
"BLOCK6G79",24.8714,11.8504,3.1293,23.1445,11.7715,3.09,14.9311487111111,0.521222488888889,0.130141122222222
"BLOCK6G8",22.7931,11.0306,2.8351,22.467,11.049,2.832,20.8458698777778,0.630040044444445,0.166998988888889
"BLOCK6G81",26.0953,12.1771,3.0791,26.064,12.3105,3.0705,33.3345464555556,1.12407743333333,0.185164544444444
"BLOCK6G82",22.7666,10.9362,2.9346,22.664,10.918,2.978,6.50786537777778,0.506463288888889,0.0377702666666666
"BLOCK6G87",28.2526,12.6278,3.1895,27.5955,12.734,3.135,31.8325422666667,1.56784528888889,0.153737166666667
"BLOCK6G88",24.4277,11.241,3.0718,24.775,11.215,3.1075,19.6400077888889,1.09335533333333,0.121452622222222
"BLOCK6G89",21.164,11.2298,2.7433,19.406,11.167,2.609,11.5585204444444,0.355244622222222,0.104636677777778
"BLOCK6G9",22.7856,11.0232,2.903,22.8715,10.964,2.9845,26.8771344888889,0.701019955555556,0.236542666666667
"BLOCK6G90",21.7754,10.8351,2.8554,21.894,10.8965,2.8325,12.6834040444444,0.510508766666667,0.107563377777778
"BLOCK6G91",24.9577,11.4558,3.0764,25.572,11.467,3.1605,20.7498153444444,0.242993955555556,0.179454266666667
"BLOCK6G92",23.6952,10.7833,3.1,22.5085,10.6745,3.0635,9.4338664,0.567059566666666,0.0771671111111111
"BLOCK6G95",25.7852,12.1777,3.0531,26.437,12.249,3.154,33.7636972888889,1.25294578888889,0.232757655555555
"BLOCK6G97",23.2949,11.7013,2.8087,22.936,11.6785,2.7525,14.6837356555556,0.613113566666667,0.135203566666667
"BLOCK6G98",21.8557,10.8294,2.8202,21.532,10.827,2.8255,13.9817182333333,0.577057377777778,0.0824272888888889
"BLOCK6G99",24.0315,11.8158,2.9477,24.81,11.9035,3.0285,21.3171796111111,0.764623733333333,0.156508455555556
"BLOCK6ZAVITAN",20.5740909090909,10.6025454545455,2.72281818181818,19.771,10.374,2.66,17.6047170909091,0.574899272727273,0.203311963636364
